{
  "acc": {
    "mean": 0.8138497908710673,
    "std": 0.015221827425428104
  },
  "bca": {
    "mean": 0.7449940808388298,
    "std": 0.01834351776090316
  },
  "sen": {
    "mean": 0.565296803652968,
    "std": 0.04800366685364652
  },
  "spec": {
    "mean": 0.9246913580246913,
    "std": 0.027989590243838607
  },
  "pre": {
    "mean": 0.7760643857568115,
    "std": 0.054579982655228926
  },
  "f1": {
    "mean": 0.6512511396477402,
    "std": 0.028696241282592738
  },
  "auc": {
    "mean": 0.8491351447845614,
    "std": 0.02832569065475244
  },
  "tn": {
    "sum": 749
  },
  "fp": {
    "sum": 61
  },
  "fn": {
    "sum": 157
  },
  "tp": {
    "sum": 204
  },
  "loss": {
    "mean": 0.5685273537883044,
    "std": 0.044028297723299574
  }
}