{
  "acc": {
    "mean": 0.7066666666666667,
    "std": 0.028981188675624648
  },
  "bca": {
    "mean": 0.5848463040169414,
    "std": 0.04154893486093254
  },
  "sen": {
    "mean": 0.19433028919330292,
    "std": 0.09231785969061052
  },
  "spec": {
    "mean": 0.9753623188405797,
    "std": 0.02535196476019693
  },
  "pre": {
    "mean": 0.853209109730849,
    "std": 0.13118380683184436
  },
  "f1": {
    "mean": 0.3013181340447894,
    "std": 0.12948915773729405
  },
  "auc": {
    "mean": 0.6855163789176638,
    "std": 0.0640830160127318
  },
  "tn": {
    "sum": 672
  },
  "fp": {
    "sum": 17
  },
  "fn": {
    "sum": 291
  },
  "tp": {
    "sum": 70
  },
  "loss": {
    "mean": 0.7224167650370371,
    "std": 0.03726968353294532
  }
}