{
  "acc": {
    "mean": 0.5703656633221851,
    "std": 0.01677045998384979
  },
  "bca": {
    "mean": 0.5474658250761075,
    "std": 0.02694709444342906
  },
  "sen": {
    "mean": 0.26530202052258545,
    "std": 0.1962648106170509
  },
  "spec": {
    "mean": 0.8296296296296296,
    "std": 0.15153535218873174
  },
  "pre": {
    "mean": 0.6333197073637218,
    "std": 0.1299476160806484
  },
  "f1": {
    "mean": 0.31756422398176937,
    "std": 0.18209304091836687
  },
  "auc": {
    "mean": 0.6130821687020778,
    "std": 0.015068052944762657
  },
  "tn": {
    "sum": 672
  },
  "fp": {
    "sum": 138
  },
  "fn": {
    "sum": 506
  },
  "tp": {
    "sum": 183
  },
  "loss": {
    "mean": 0.8086094388678721,
    "std": 0.030485160326805767
  }
}