{
  "teacher": {
    "acc": {
      "mean": 0.8616766684851791,
      "std": 0.035209622113057504
    },
    "bca": {
      "mean": 0.8470826991374937,
      "std": 0.035624006144487096
    },
    "sen": {
      "mean": 0.8089802130898022,
      "std": 0.046211810347263474
    },
    "spec": {
      "mean": 0.8851851851851851,
      "std": 0.03915741117815729
    },
    "pre": {
      "mean": 0.7622755474974775,
      "std": 0.06654500244678964
    },
    "f1": {
      "mean": 0.7838797654659724,
      "std": 0.05107989504203222
    },
    "auc": {
      "mean": 0.9122900107108631,
      "std": 0.02241505074813807
    },
    "tn": {
      "sum": 717
    },
    "fp": {
      "sum": 93
    },
    "fn": {
      "sum": 69
    },
    "tp": {
      "sum": 292
    },
    "loss": {
      "mean": 0.46615902512456736,
      "std": 0.07871688723013899
    }
  },
  "student": {
    "acc": {
      "mean": 0.8060847426804874,
      "std": 0.09408229557592333
    },
    "bca": {
      "mean": 0.6998773888043294,
      "std": 0.16400686769089745
    },
    "sen": {
      "mean": 0.42321156773211566,
      "std": 0.347300758408267
    },
    "spec": {
      "mean": 0.9765432098765432,
      "std": 0.0298346814162829
    },
    "pre": {
      "mean": 0.5380436312456017,
      "std": 0.4425841799965463
    },
    "f1": {
      "mean": 0.4720770243278321,
      "std": 0.3862177959604337
    },
    "auc": {
      "mean": 0.8993800148448804,
      "std": 0.0481595768152604
    },
    "tn": {
      "sum": 791
    },
    "fp": {
      "sum": 19
    },
    "fn": {
      "sum": 208
    },
    "tp": {
      "sum": 153
    },
    "loss": {
      "mean": 0.3063388480105971,
      "std": 0.12543149392834357
    }
  }
}