{
  "teacher": {
    "acc": {
      "mean": 0.6914285714285715,
      "std": 0.03359084207342553
    },
    "bca": {
      "mean": 0.6144927536231883,
      "std": 0.09477548793345675
    },
    "sen": {
      "mean": 0.3666666666666667,
      "std": 0.3086459876282411
    },
    "spec": {
      "mean": 0.8623188405797102,
      "std": 0.12500787624839318
    },
    "pre": {
      "mean": 0.3533111836220971,
      "std": 0.28992267683366524
    },
    "f1": {
      "mean": 0.3557419858943516,
      "std": 0.291768925204744
    },
    "auc": {
      "mean": 0.7728621501778968,
      "std": 0.016339152250495953
    },
    "tn": {
      "sum": 594
    },
    "fp": {
      "sum": 95
    },
    "fn": {
      "sum": 229
    },
    "tp": {
      "sum": 132
    },
    "loss": {
      "mean": 0.7180783549093065,
      "std": 0.0716150181087637
    }
  },
  "student": {
    "acc": {
      "mean": 0.719047619047619,
      "std": 0.03257644071711823
    },
    "bca": {
      "mean": 0.6589594059917679,
      "std": 0.08902467614432298
    },
    "sen": {
      "mean": 0.4658295281582953,
      "std": 0.27528495616953585
    },
    "spec": {
      "mean": 0.8520892838252406,
      "std": 0.10050045705624466
    },
    "pre": {
      "mean": 0.5122830032127282,
      "std": 0.26091161532202484
    },
    "f1": {
      "mean": 0.46956750175992157,
      "std": 0.24893169581269892
    },
    "auc": {
      "mean": 0.7799895493542434,
      "std": 0.06139208659760326
    },
    "tn": {
      "sum": 587
    },
    "fp": {
      "sum": 102
    },
    "fn": {
      "sum": 193
    },
    "tp": {
      "sum": 168
    },
    "loss": {
      "mean": 0.31607897782964367,
      "std": 0.03266964455803055
    }
  }
}